<?xml version="1.0" encoding="utf-8"?>
<extension type="component" version="3.2.0" method="upgrade">
 
	<name>COM_LOCKERS</name>
	<!-- The following elements are optional and free of formatting constraints -->
	<creationDate>March 2020</creationDate>
	<author>Geoff Markley</author>
	<authorEmail>geoffm@labyrinth.net.au</authorEmail>
	<authorUrl>http://www.ormondskiclub.com.au</authorUrl>
	<copyright>Copyright Info</copyright>
	<license>License Info</license>
	<!--  The version string is recorded in the components table -->
	<version>1.5.4</version>
	<!-- The description is optional and defaults to the name -->
	<description>COM_LOCKERS_DESCRIPTION</description>
 
	<install> <!-- Runs on install -->
		<sql>
			<file driver="mysql" charset="utf8">sql/install.mysql.utf8.sql</file>
		</sql>
	</install>
	<uninstall> <!-- Runs on uninstall -->
		<sql>
			<file driver="mysql" charset="utf8">sql/uninstall.mysql.utf8.sql</file>
		</sql>
	</uninstall>
	<update> <!-- Runs on update; New since J2.5 -->
		<schemas>
			<schemapath type="mysql">sql/updates/mysql</schemapath>
		</schemas>
	</update>
 
	<!-- Site Main File Copy Section -->
	<!-- Note the folder attribute: This attribute describes the folder
		to copy FROM in the package to install therefore files copied
		in this section are copied from /site/ in the package -->
	<files folder="site">
		<filename>index.html</filename>
		<filename>lockers.php</filename>
	</files>
 
	<administration>
		<!-- Administration Menu Section -->
		<menu link='index.php?option=com_lockers'>COM_LOCKERS_MENU</menu>
		<submenu>
			<menu link="option=com_lockers&amp;view=waitinglists" view="waitinglists"
				img="class:lockers-waitinglists" alt="lockers/waitinglists">COM_LOCKERS_MENU_WAITINGLIST</menu>
		</submenu>
		<!-- Administration Main File Copy Section -->
		<!-- Note the folder attribute: This attribute describes the folder
			to copy FROM in the package to install therefore files copied
			in this section are copied from /admin/ in the package -->
		<files folder="admin">
			<!-- Admin Main File Copy Section -->
			<filename>index.html</filename>
			<filename>lockers.php</filename>
			<filename>controller.php</filename>
			<!-- SQL files section -->
			<folder>sql</folder>
			<!-- tables files section -->
			<folder>tables</folder>
			<!-- models files section -->
			<folder>models</folder>
			<!-- views files section -->
			<folder>views</folder>
			<!-- controllers files section -->
			<folder>controllers</folder>
		</files>
				<languages folder="admin/language">
        		<language tag="en-GB">en-GB/en-GB.com_lockers.ini</language>
                        <language tag="en-GB">en-GB/en-GB.com_lockers.sys.ini</language>
		</languages>
	</administration>
 
</extension>